dist,vel,acc
0, 0, 0.0005, 1
0.001, 1e-006, 0.002, 2
0.002, 4e-006, 0.0045, 3
0.003, 1e-005, 0.008, 4
0.004, 2e-005, 0.0125, 5
0.005, 3.5e-005, 0.018, 6
0.006, 5.6e-005, 0.0245, 7
0.007, 8.4e-005, 0.032, 8
0.008, 0.00012, 0.0405, 9
0.009, 0.000165, 0.05, 10
0.01, 0.00022, 0.0605, 11
0.011, 0.000286, 0.072, 12
0.012, 0.000364, 0.0845, 13
0.013, 0.000455, 0.098, 14
0.014, 0.00056, 0.1125, 15
0.015, 0.00068, 0.128, 16
0.016, 0.000816, 0.1445, 17
0.017, 0.000969, 0.162, 18
0.018, 0.00114, 0.1805, 19
0.019, 0.00133, 0.2, 20
0.02, 0.00154, 0.2205, 21
0.021, 0.001771, 0.242, 22
0.022, 0.002024, 0.2645, 23
0.023, 0.0023, 0.288, 24
0.024, 0.0026, 0.3125, 25
0.025, 0.002925, 0.338, 26
0.026, 0.003276, 0.3645, 27
0.027, 0.003654, 0.392, 28
0.028, 0.00406, 0.4205, 29
0.029, 0.004495, 0.45, 30
0.03, 0.00496, 0.4805, 31
0.031, 0.005456, 0.512, 32
0.032, 0.005984, 0.5445, 33
0.033, 0.006545, 0.578, 34
0.034, 0.00714, 0.6125, 35
0.035, 0.00777, 0.648, 36
0.036, 0.008436, 0.6845, 37
0.037, 0.009139, 0.722, 38
0.038, 0.00988, 0.7605, 39
0.039, 0.01066, 0.8, 40
0.04, 0.01148, 0.8405, 41
0.041, 0.012341, 0.882, 42
0.042, 0.013244, 0.9245, 43
0.043, 0.01419, 0.968, 44
0.044, 0.01518, 1.0125, 45
0.045, 0.016215, 1.058, 46
0.046, 0.017296, 1.1045, 47
0.047, 0.018424, 1.152, 48
0.048, 0.0196, 1.2005, 49
0.049, 0.020825, 1.25, 50
0.05, 0.0221, 1.3005, 51
0.051, 0.023426, 1.352, 52
0.052, 0.024804, 1.4045, 53
0.053, 0.026235, 1.458, 54
0.054, 0.02772, 1.5125, 55
0.055, 0.02926, 1.568, 56
0.056, 0.030856, 1.6245, 57
0.057, 0.032509, 1.682, 58
0.058, 0.03422, 1.7405, 59
0.059, 0.03599, 1.8, 60
0.06, 0.03782, 1.8605, 61
0.061, 0.039711, 1.922, 62
0.062, 0.041664, 1.9845, 63
0.063, 0.04368, 2.048, 64
0.064, 0.04576, 2.1125, 65
0.065, 0.047905, 2.178, 66
0.066, 0.050116, 2.2445, 67
0.067, 0.052394, 2.312, 68
0.068, 0.05474, 2.3805, 69
0.069, 0.057155, 2.45, 70
0.07, 0.05964, 2.5205, 71
0.071, 0.062196, 2.592, 72
0.072, 0.064824, 2.6645, 73
0.073, 0.067525, 2.738, 74
0.074, 0.0703, 2.8125, 75
0.075, 0.07315, 2.888, 76
0.076, 0.076076, 2.9645, 77
0.077, 0.079079, 3.042, 78
0.078, 0.08216, 3.1205, 79
0.079, 0.08532, 3.2, 80
0.08, 0.08856, 3.2805, 81
0.081, 0.091881, 3.362, 82
0.082, 0.095284, 3.4445, 83
0.083, 0.09877, 3.528, 84
0.084, 0.10234, 3.6125, 85
0.085, 0.105995, 3.698, 86
0.086, 0.109736, 3.7845, 87
0.087, 0.113564, 3.872, 88
0.088, 0.11748, 3.9605, 89
0.089, 0.121485, 4.05, 90
0.09, 0.12558, 4.14, 90
0.091, 0.129765, 4.23, 90
0.092, 0.13404, 4.32, 90
0.093, 0.138405, 4.41, 90
0.094, 0.14286, 4.5, 90
0.095, 0.147405, 4.59, 90
0.096, 0.15204, 4.68, 90
0.097, 0.156765, 4.77, 90
0.098, 0.16158, 4.86, 90
0.099, 0.166485, 4.95, 90
0.1, 0.17148, 5.04, 90
0.101, 0.176565, 5.13, 90
0.102, 0.18174, 5.22, 90
0.103, 0.187005, 5.31, 90
0.104, 0.19236, 5.4, 90
0.105, 0.197805, 5.49, 90
0.106, 0.20334, 5.58, 90
0.107, 0.208965, 5.67, 90
0.108, 0.21468, 5.76, 90
0.109, 0.220485, 5.85, 90
0.11, 0.22638, 5.94, 90
0.111, 0.232365, 6.03, 90
0.112, 0.23844, 6.12, 90
0.113, 0.244605, 6.21, 90
0.114, 0.25086, 6.3, 90
0.115, 0.257205, 6.39, 90
0.116, 0.26364, 6.48, 90
0.117, 0.270165, 6.57, 90
0.118, 0.27678, 6.66, 90
0.119, 0.283485, 6.75, 90
0.12, 0.29028, 6.84, 90
0.121, 0.297165, 6.93001, 90
0.122, 0.30414, 7.02001, 90
0.123, 0.311205, 7.11001, 90
0.124, 0.31836, 7.20001, 90
0.125, 0.325605, 7.29001, 90
0.126, 0.33294, 7.38001, 90
0.127, 0.340365, 7.47001, 90
0.128, 0.34788, 7.56001, 90
0.129, 0.355485, 7.65001, 90
0.13, 0.36318, 7.74001, 90
0.131, 0.370965, 7.83001, 90
0.132, 0.37884, 7.92001, 90
0.133, 0.386805, 8.01001, 90
0.134, 0.39486, 8.10001, 90
0.135, 0.403005, 8.19001, 90
0.136, 0.41124, 8.28001, 90
0.137, 0.419565, 8.37001, 90
0.138, 0.42798, 8.46001, 90
0.139, 0.436485, 8.55001, 90
0.14, 0.44508, 8.64001, 90
0.141, 0.453765, 8.73001, 90
0.142, 0.46254, 8.82001, 90
0.143, 0.471405, 8.91001, 90
0.144, 0.48036, 9.00001, 90
0.145, 0.489405, 9.09001, 90
0.146, 0.49854, 9.18001, 90
0.147, 0.507765, 9.27001, 90
0.148, 0.51708, 9.36001, 90
0.149, 0.526485, 9.45001, 90
0.15, 0.53598, 9.54001, 90
0.151, 0.545565, 9.63001, 90
0.152, 0.55524, 9.72001, 90
0.153, 0.565005, 9.81001, 90
0.154, 0.57486, 9.90001, 90
0.155, 0.584805, 9.99001, 90
0.156, 0.594841, 10.08, 90
0.157, 0.604966, 10.17, 90
0.158, 0.61518, 10.26, 90
0.159, 0.625485, 10.35, 90
0.16, 0.63588, 10.44, 90
0.161, 0.646365, 10.53, 90
0.162, 0.65694, 10.62, 90
0.163, 0.667605, 10.71, 90
0.164, 0.67836, 10.8, 90
0.165, 0.689205, 10.89, 90
0.166, 0.70014, 10.98, 90
0.167, 0.711165, 11.07, 90
0.168, 0.722281, 11.16, 90
0.169, 0.733486, 11.25, 90
0.17, 0.744781, 11.34, 90
0.171, 0.756166, 11.43, 90
0.172, 0.767641, 11.52, 90
0.173, 0.779206, 11.61, 90
0.174, 0.790861, 11.7, 90
0.175, 0.802606, 11.79, 90
0.176, 0.814441, 11.88, 90
0.177, 0.826366, 11.97, 90
0.178, 0.838381, 12.06, 90
0.179, 0.850486, 12.15, 90
0.18, 0.862681, 12.24, 90
0.181, 0.874966, 12.33, 90
0.182, 0.887341, 12.42, 90
0.183, 0.899806, 12.51, 90
0.184, 0.912361, 12.6, 90
0.185, 0.925006, 12.69, 90
0.186, 0.937741, 12.78, 90
0.187, 0.950566, 12.87, 90
0.188, 0.963481, 12.96, 90
0.189, 0.976486, 13.05, 90
0.19, 0.989581, 13.14, 90
0.191, 1.00277, 13.23, 90
0.192, 1.01604, 13.32, 90
0.193, 1.02941, 13.41, 90
0.194, 1.04286, 13.5, 90
0.195, 1.05641, 13.59, 90
0.196, 1.07004, 13.68, 90
0.197, 1.08377, 13.77, 90
0.198, 1.09758, 13.86, 90
0.199, 1.11149, 13.95, 90
0.2, 1.12548, 14.04, 90
0.201, 1.13957, 14.13, 90
0.202, 1.15374, 14.22, 90
0.203, 1.16801, 14.31, 90
0.204, 1.18236, 14.4, 90
0.205, 1.19681, 14.49, 90
0.206, 1.21134, 14.58, 90
0.207, 1.22597, 14.67, 90
0.208, 1.24068, 14.76, 90
0.209, 1.25549, 14.85, 90
0.21, 1.27038, 14.94, 90
0.211, 1.28537, 15.03, 90
0.212, 1.30044, 15.12, 90
0.213, 1.31561, 15.21, 90
0.214, 1.33086, 15.3, 90
0.215, 1.34621, 15.39, 90
0.216, 1.36164, 15.48, 90
0.217, 1.37717, 15.57, 90
0.218, 1.39278, 15.66, 90
0.219, 1.40849, 15.75, 90
0.22, 1.42428, 15.84, 90
0.221, 1.44017, 15.93, 90
0.222, 1.45614, 16.02, 90
0.223, 1.47221, 16.11, 90
0.224, 1.48836, 16.2, 90
0.225, 1.50461, 16.29, 90
0.226, 1.52094, 16.38, 90
0.227, 1.53737, 16.47, 90
0.228, 1.55388, 16.56, 90
0.229, 1.57049, 16.65, 90
0.23, 1.58718, 16.74, 90
0.231, 1.60397, 16.83, 90
0.232, 1.62084, 16.92, 90
0.233, 1.63781, 17.01, 90
0.234, 1.65486, 17.1, 90
0.235, 1.67201, 17.19, 90
0.236, 1.68924, 17.28, 90
0.237, 1.70657, 17.37, 90
0.238, 1.72398, 17.46, 90
0.239, 1.74149, 17.55, 90
0.24, 1.75908, 17.64, 90
0.241, 1.77677, 17.73, 90
0.242, 1.79454, 17.82, 90
0.243, 1.81241, 17.91, 90
0.244, 1.83036, 18, 90
0.245, 1.84841, 18.09, 90
0.246, 1.86654, 18.18, 90
0.247, 1.88477, 18.27, 90
0.248, 1.90308, 18.36, 90
0.249, 1.92149, 18.45, 90
0.25, 1.93998, 18.54, 90
0.251, 1.95857, 18.63, 90
0.252, 1.97724, 18.72, 90
0.253, 1.99601, 18.81, 90
0.254, 2.01486, 18.9, 90
0.255, 2.03381, 18.99, 90
0.256, 2.05284, 19.08, 90
0.257, 2.07197, 19.17, 90
0.258, 2.09118, 19.26, 90
0.259, 2.11049, 19.35, 90
0.26, 2.12988, 19.44, 90
0.261, 2.14937, 19.53, 90
0.262, 2.16894, 19.62, 90
0.263, 2.18861, 19.71, 90
0.264, 2.20836, 19.8, 90
0.265, 2.22821, 19.89, 90
0.266, 2.24814, 19.98, 90
0.267, 2.26817, 20.07, 90
0.268, 2.28828, 20.16, 90
0.269, 2.30849, 20.25, 90
0.27, 2.32878, 20.34, 90
0.271, 2.34917, 20.43, 90
0.272, 2.36964, 20.52, 90
0.273, 2.39021, 20.61, 90
0.274, 2.41086, 20.7, 90
0.275, 2.43161, 20.79, 90
0.276, 2.45244, 20.88, 90
0.277, 2.47337, 20.97, 90
0.278, 2.49438, 21.06, 90
0.279, 2.51549, 21.15, 90
0.28, 2.53668, 21.24, 90
0.281, 2.55797, 21.33, 90
0.282, 2.57934, 21.42, 90
0.283, 2.60081, 21.51, 90
0.284, 2.62236, 21.6, 90
0.285, 2.64401, 21.69, 90
0.286, 2.66574, 21.78, 90
0.287, 2.68757, 21.87, 90
0.288, 2.70948, 21.96, 90
0.289, 2.73149, 22.05, 90
0.29, 2.75358, 22.14, 90
0.291, 2.77577, 22.23, 90
0.292, 2.79804, 22.32, 90
0.293, 2.82041, 22.41, 90
0.294, 2.84286, 22.5, 90
0.295, 2.86541, 22.59, 90
0.296, 2.88804, 22.68, 90
0.297, 2.91077, 22.77, 90
0.298, 2.93358, 22.86, 90
0.299, 2.95649, 22.95, 90
0.3, 2.97948, 23.04, 90
0.301, 3.00257, 23.13, 90
0.302, 3.02574, 23.22, 90
0.303, 3.04901, 23.31, 90
0.304, 3.07236, 23.4, 90
0.305, 3.09581, 23.49, 90
0.306, 3.11934, 23.58, 90
0.307, 3.14297, 23.67, 90
0.308, 3.16668, 23.76, 90
0.309, 3.19049, 23.85, 90
0.31, 3.21438, 23.94, 90
0.311, 3.23837, 24.03, 90
0.312, 3.26244, 24.12, 90
0.313, 3.28661, 24.21, 90
0.314, 3.31086, 24.3, 90
0.315, 3.33521, 24.39, 90
0.316, 3.35964, 24.48, 90
0.317, 3.38417, 24.57, 90
0.318, 3.40878, 24.66, 90
0.319, 3.43349, 24.75, 90
0.32, 3.45828, 24.84, 90
0.321, 3.48317, 24.93, 90
0.322, 3.50814, 25.02, 90
0.323, 3.53321, 25.11, 90
0.324, 3.55836, 25.2, 90
0.325, 3.58361, 25.29, 90
0.326, 3.60894, 25.38, 90
0.327, 3.63437, 25.47, 90
0.328, 3.65988, 25.56, 90
0.329, 3.68549, 25.65, 90
0.33, 3.71118, 25.74, 90
0.331, 3.73697, 25.83, 90
0.332, 3.76285, 25.92, 90
0.333, 3.78881, 26.01, 90
0.334, 3.81487, 26.1, 90
0.335, 3.84101, 26.19, 90
0.336, 3.86725, 26.28, 90
0.337, 3.89357, 26.37, 90
0.338, 3.91999, 26.46, 90
0.339, 3.94649, 26.55, 90
0.34, 3.97309, 26.64, 90
0.341, 3.99977, 26.73, 90
0.342, 4.02655, 26.82, 90
0.343, 4.05341, 26.91, 90
0.344, 4.08037, 27, 90
0.345, 4.10741, 27.09, 90
0.346, 4.13455, 27.18, 90
0.347, 4.16177, 27.27, 90
0.348, 4.18909, 27.36, 90
0.349, 4.21649, 27.45, 90
0.35, 4.24399, 27.54, 90
0.351, 4.27157, 27.63, 90
0.352, 4.29925, 27.72, 90
0.353, 4.32701, 27.81, 90
0.354, 4.35487, 27.9, 90
0.355, 4.38281, 27.99, 90
0.356, 4.41085, 28.08, 90
0.357, 4.43897, 28.17, 90
0.358, 4.46719, 28.26, 90
0.359, 4.49549, 28.35, 90
0.36, 4.52389, 28.44, 90
0.361, 4.55237, 28.53, 90
0.362, 4.58095, 28.62, 90
0.363, 4.60961, 28.71, 90
0.364, 4.63837, 28.8, 90
0.365, 4.66721, 28.89, 90
0.366, 4.69615, 28.98, 90
0.367, 4.72517, 29.07, 90
0.368, 4.75429, 29.16, 90
0.369, 4.78349, 29.25, 90
0.37, 4.81279, 29.34, 90
0.371, 4.84217, 29.43, 90
0.372, 4.87165, 29.52, 90
0.373, 4.90121, 29.61, 90
0.374, 4.93087, 29.7, 90
0.375, 4.96061, 29.79, 90
0.376, 4.99045, 29.88, 90
0.377, 5.02037, 29.97, 90
0.378, 5.05039, 30.06, 90
0.379, 5.08049, 30.15, 90
0.38, 5.11069, 30.24, 90
0.381, 5.14097, 30.33, 90
0.382, 5.17135, 30.42, 90
0.383, 5.20181, 30.51, 90
0.384, 5.23237, 30.6, 90
0.385, 5.26301, 30.69, 90
0.386, 5.29375, 30.78, 90
0.387, 5.32457, 30.87, 90
0.388, 5.35549, 30.96, 90
0.389, 5.38649, 31.05, 90
0.39, 5.41759, 31.14, 90
0.391, 5.44877, 31.23, 90
0.392, 5.48005, 31.32, 90
0.393, 5.51141, 31.41, 90
0.394, 5.54287, 31.5, 90
0.395, 5.57441, 31.59, 90
0.396, 5.60605, 31.68, 90
0.397, 5.63777, 31.77, 90
0.398, 5.66959, 31.86, 90
0.399, 5.70149, 31.95, 90
0.4, 5.73349, 32.04, 90
0.401, 5.76557, 32.13, 90
0.402, 5.79775, 32.22, 90
0.403, 5.83001, 32.31, 90
0.404, 5.86237, 32.4, 90
0.405, 5.89481, 32.49, 90
0.406, 5.92735, 32.58, 90
0.407, 5.95997, 32.67, 90
0.408, 5.99269, 32.76, 90
0.409, 6.02549, 32.85, 90
0.41, 6.05839, 32.94, 90
0.411, 6.09137, 33.03, 90
0.412, 6.12445, 33.12, 90
0.413, 6.15761, 33.21, 90
0.414, 6.19087, 33.3, 90
0.415, 6.22421, 33.39, 90
0.416, 6.25765, 33.48, 90
0.417, 6.29117, 33.57, 90
0.418, 6.32479, 33.66, 90
0.419, 6.35849, 33.75, 90
0.42, 6.39229, 33.84, 90
0.421, 6.42617, 33.93, 90
0.422, 6.46015, 34.0201, 90
0.423, 6.49421, 34.1101, 90
0.424, 6.52837, 34.2001, 90
0.425, 6.56261, 34.2901, 90
0.426, 6.59695, 34.3801, 90
0.427, 6.63137, 34.4701, 90
0.428, 6.66589, 34.5601, 90
0.429, 6.70049, 34.6501, 90
0.43, 6.73519, 34.7401, 90
0.431, 6.76998, 34.8301, 90
0.432, 6.80485, 34.9201, 90
0.433, 6.83982, 35.0101, 90
0.434, 6.87487, 35.1001, 90
0.435, 6.91002, 35.1901, 90
0.436, 6.94525, 35.2796, 89
0.437, 6.98057, 35.3681, 88
0.438, 7.01599, 35.4556, 87
0.439, 7.05149, 35.5421, 86
0.44, 7.08707, 35.6276, 85
0.441, 7.12274, 35.7121, 84
0.442, 7.15849, 35.7956, 83
0.443, 7.19433, 35.8781, 82
0.444, 7.23025, 35.9596, 81
0.445, 7.26625, 36.0401, 80
0.446, 7.30233, 36.1196, 79
0.447, 7.33849, 36.1981, 78
0.448, 7.37473, 36.2756, 77
0.449, 7.41104, 36.3521, 76
0.45, 7.44743, 36.4276, 75
0.451, 7.4839, 36.5021, 74
0.452, 7.52044, 36.5756, 73
0.453, 7.55705, 36.6481, 72
0.454, 7.59373, 36.7196, 71
0.455, 7.63049, 36.7901, 70
0.456, 7.66731, 36.8596, 69
0.457, 7.70421, 36.9281, 68
0.458, 7.74117, 36.9956, 67
0.459, 7.7782, 37.0621, 66
0.46, 7.81529, 37.1276, 65
0.461, 7.85245, 37.1921, 64
0.462, 7.88968, 37.2556, 63
0.463, 7.92696, 37.3181, 62
0.464, 7.96431, 37.3796, 61
0.465, 8.00172, 37.4401, 60
0.466, 8.03919, 37.4996, 59
0.467, 8.07672, 37.5581, 58
0.468, 8.11431, 37.6156, 57
0.469, 8.15195, 37.6721, 56
0.47, 8.18965, 37.7276, 55
0.471, 8.22741, 37.7821, 54
0.472, 8.26522, 37.8356, 53
0.473, 8.30308, 37.8881, 52
0.474, 8.34099, 37.9396, 51
0.475, 8.37896, 37.9901, 50
0.476, 8.41697, 38.0396, 49
0.477, 8.45504, 38.0881, 48
0.478, 8.49315, 38.1356, 47
0.479, 8.53131, 38.1821, 46
0.48, 8.56951, 38.2276, 45
0.481, 8.60776, 38.2721, 44
0.482, 8.64606, 38.3156, 43
0.483, 8.68439, 38.3581, 42
0.484, 8.72277, 38.3996, 41
0.485, 8.76119, 38.4401, 40
0.486, 8.79965, 38.4796, 39
0.487, 8.83815, 38.5181, 38
0.488, 8.87669, 38.5556, 37
0.489, 8.91526, 38.5921, 36
0.49, 8.95387, 38.6276, 35
0.491, 8.99252, 38.6621, 34
0.492, 9.0312, 38.6956, 33
0.493, 9.06991, 38.7281, 32
0.494, 9.10865, 38.7596, 31
0.495, 9.14743, 38.7901, 30
0.496, 9.18623, 38.8196, 29
0.497, 9.22507, 38.8481, 28
0.498, 9.26393, 38.8756, 27
0.499, 9.30282, 38.9021, 26
0.5, 9.34173, 38.9276, 25
0.501, 9.38067, 38.9521, 24
0.502, 9.41964, 38.9756, 23
0.503, 9.45862, 38.9981, 22
0.504, 9.49763, 39.0196, 21
0.505, 9.53666, 39.0401, 20
0.506, 9.57571, 39.0596, 19
0.507, 9.61478, 39.0781, 18
0.508, 9.65387, 39.0956, 17
0.509, 9.69298, 39.1121, 16
0.51, 9.73209, 39.1276, 15
0.511, 9.77123, 39.1421, 14
0.512, 9.81038, 39.1556, 13
0.513, 9.84954, 39.1681, 12
0.514, 9.88871, 39.1796, 11
0.515, 9.9279, 39.1901, 10
0.516, 9.9671, 39.1996, 9
0.517, 10.0063, 39.2081, 8
0.518, 10.0455, 39.2156, 7
0.519, 10.0847, 39.2221, 6
0.52, 10.124, 39.2276, 5
0.521, 10.1632, 39.2321, 4
0.522, 10.2024, 39.2356, 3
0.523, 10.2417, 39.2381, 2
0.524, 10.2809, 39.2396, 1
0.525, 10.3201, 39.2401, -1.07102e-007
0.526, 10.3594, 39.3216, 0
0.527, 10.3987, 39.3216, 0
0.528, 10.438, 39.3216, 0
0.529, 10.4773, 39.3216, 0
0.53, 10.5167, 39.3216, 0
0.531, 10.556, 39.3216, 0
0.532, 10.5953, 39.3216, 0
0.533, 10.6346, 39.3216, 0
0.534, 10.674, 39.3216, 0
0.535, 10.7133, 39.3216, 0
0.536, 10.7526, 39.3216, 0
0.537, 10.7919, 39.3216, 0
0.538, 10.8312, 39.3216, 0
0.539, 10.8706, 39.3216, 0
0.54, 10.9099, 39.3216, 0
0.541, 10.9492, 39.3216, 0
0.542, 10.9885, 39.3216, 0
0.543, 11.0278, 39.3216, 0
0.544, 11.0672, 39.3216, 0
0.545, 11.1065, 39.3216, 0
0.546, 11.1458, 39.3216, 0
0.547, 11.1851, 39.3216, 0
0.548, 11.2245, 39.3216, 0
0.549, 11.2638, 39.3216, 0
0.55, 11.3031, 39.3216, 0
0.551, 11.3424, 39.3216, 0
0.552, 11.3817, 39.3216, 0
0.553, 11.4211, 39.3216, 0
0.554, 11.4604, 39.3216, 0
0.555, 11.4997, 39.3216, 0
0.556, 11.539, 39.3216, 0
0.557, 11.5784, 39.3216, 0
0.558, 11.6177, 39.3216, 0
0.559, 11.657, 39.3216, 0
0.56, 11.6963, 39.3216, 0
0.561, 11.7356, 39.3216, 0
0.562, 11.775, 39.3216, 0
0.563, 11.8143, 39.3216, 0
0.564, 11.8536, 39.3216, 0
0.565, 11.8929, 39.3216, 0
0.566, 11.9323, 39.3216, 0
0.567, 11.9716, 39.3216, 0
0.568, 12.0109, 39.3216, 0
0.569, 12.0502, 39.3216, 0
0.57, 12.0895, 39.3216, 0
0.571, 12.1289, 39.3216, 0
0.572, 12.1682, 39.3216, 0
0.573, 12.2075, 39.3216, 0
0.574, 12.2468, 39.3216, 0
0.575, 12.2861, 39.3216, 0
0.576, 12.3255, 39.3216, 0
0.577, 12.3648, 39.3216, 0
0.578, 12.4041, 39.3216, 0
0.579, 12.4434, 39.3216, 0
0.58, 12.4828, 39.3216, 0
0.581, 12.5221, 39.3216, 0
0.582, 12.5614, 39.3216, 0
0.583, 12.6007, 39.3216, 0
0.584, 12.64, 39.3216, 0
0.585, 12.6794, 39.3216, 0
0.586, 12.7187, 39.3216, 0
0.587, 12.758, 39.3216, 0
0.588, 12.7973, 39.3216, 0
0.589, 12.8367, 39.3216, 0
0.59, 12.876, 39.3216, 0
0.591, 12.9153, 39.3216, 0
0.592, 12.9546, 39.3216, 0
0.593, 12.9939, 39.3216, 0
0.594, 13.0333, 39.3216, 0
0.595, 13.0726, 39.3216, 0
0.596, 13.1119, 39.3216, 0
0.597, 13.1512, 39.3216, 0
0.598, 13.1906, 39.3216, 0
0.599, 13.2299, 39.3216, 0
0.6, 13.2692, 39.3216, 0
0.601, 13.3085, 39.3216, 0
0.602, 13.3478, 39.3216, 0
0.603, 13.3872, 39.3216, 0
0.604, 13.4265, 39.3216, 0
0.605, 13.4658, 39.3216, 0
0.606, 13.5051, 39.3216, 0
0.607, 13.5444, 39.3216, 0
0.608, 13.5838, 39.3216, 0
0.609, 13.6231, 39.3216, 0
0.61, 13.6624, 39.3216, 0
0.611, 13.7017, 39.3216, 0
0.612, 13.7411, 39.3216, 0
0.613, 13.7804, 39.3216, 0
0.614, 13.8197, 39.3216, 0
0.615, 13.859, 39.3216, 0
0.616, 13.8983, 39.3216, 0
0.617, 13.9377, 39.3216, 0
0.618, 13.977, 39.3216, 0
0.619, 14.0163, 39.3216, 0
0.62, 14.0556, 39.3216, 0
0.621, 14.095, 39.3216, 0
0.622, 14.1343, 39.3216, 0
0.623, 14.1736, 39.3216, 0
0.624, 14.2129, 39.3216, 0
0.625, 14.2522, 39.3216, 0
0.626, 14.2916, 39.3216, 0
0.627, 14.3309, 39.3216, 0
0.628, 14.3702, 39.3216, 0
0.629, 14.4095, 39.3216, 0
0.63, 14.4489, 39.3216, 0
0.631, 14.4882, 39.3216, 0
0.632, 14.5275, 39.3216, 0
0.633, 14.5668, 39.3216, 0
0.634, 14.6061, 39.3216, 0
0.635, 14.6455, 39.3216, 0
0.636, 14.6848, 39.3216, 0
0.637, 14.7241, 39.3216, 0
0.638, 14.7634, 39.3216, 0
0.639, 14.8027, 39.3216, 0
0.64, 14.8421, 39.3216, 0
0.641, 14.8814, 39.3216, 0
0.642, 14.9207, 39.3216, 0
0.643, 14.96, 39.3216, 0
0.644, 14.9994, 39.3216, 0
0.645, 15.0387, 39.3216, 0
0.646, 15.078, 39.3216, 0
0.647, 15.1173, 39.3216, 0
0.648, 15.1566, 39.3216, 0
0.649, 15.196, 39.3216, 0
0.65, 15.2353, 39.3216, 0
0.651, 15.2746, 39.3216, 0
0.652, 15.3139, 39.3216, 0
0.653, 15.3533, 39.3216, 0
0.654, 15.3926, 39.3216, 0
0.655, 15.4319, 39.3216, 0
0.656, 15.4712, 39.3216, 0
0.657, 15.5105, 39.3216, 0
0.658, 15.5499, 39.3216, 0
0.659, 15.5892, 39.3216, 0
0.66, 15.6285, 39.3216, 0
0.661, 15.6678, 39.3216, 0
0.662, 15.7072, 39.3216, 0
0.663, 15.7465, 39.3216, 0
0.664, 15.7858, 39.3216, 0
0.665, 15.8251, 39.3216, 0
0.666, 15.8644, 39.3216, 0
0.667, 15.9038, 39.3216, 0
0.668, 15.9431, 39.3216, 0
0.669, 15.9824, 39.3216, 0
0.67, 16.0217, 39.3216, 0
0.671, 16.0611, 39.3216, 0
0.672, 16.1004, 39.3216, 0
0.673, 16.1397, 39.3216, 0
0.674, 16.179, 39.3216, 0
0.675, 16.2183, 39.3216, 0
0.676, 16.2577, 39.3216, 0
0.677, 16.297, 39.3216, 0
0.678, 16.3363, 39.3216, 0
0.679, 16.3756, 39.3216, 0
0.68, 16.4149, 39.3216, 0
0.681, 16.4543, 39.3216, 0
0.682, 16.4936, 39.3216, 0
0.683, 16.5329, 39.3216, 0
0.684, 16.5722, 39.3216, 0
0.685, 16.6116, 39.3216, 0
0.686, 16.6509, 39.3216, 0
0.687, 16.6902, 39.3216, 0
0.688, 16.7295, 39.3216, 0
0.689, 16.7688, 39.3216, 0
0.69, 16.8082, 39.3216, 0
0.691, 16.8475, 39.3216, 0
0.692, 16.8868, 39.3216, 0
0.693, 16.9261, 39.3216, 0
0.694, 16.9655, 39.3216, 0
0.695, 17.0048, 39.3216, 0
0.696, 17.0441, 39.3216, 0
0.697, 17.0834, 39.3216, 0
0.698, 17.1227, 39.3216, 0
0.699, 17.1621, 39.3216, 0
0.7, 17.2014, 39.3216, 0
0.701, 17.2407, 39.3216, 0
0.702, 17.28, 39.3216, 0
0.703, 17.3194, 39.3216, 0
0.704, 17.3587, 39.3216, 0
0.705, 17.398, 39.3216, 0
0.706, 17.4373, 39.3216, 0
0.707, 17.4766, 39.3216, 0
0.708, 17.516, 39.3216, 0
0.709, 17.5553, 39.3216, 0
0.71, 17.5946, 39.3216, 0
0.711, 17.6339, 39.3216, 0
0.712, 17.6732, 39.3216, 0
0.713, 17.7126, 39.3216, 0
0.714, 17.7519, 39.3216, 0
0.715, 17.7912, 39.3216, 0
0.716, 17.8305, 39.3216, 0
0.717, 17.8699, 39.3216, 0
0.718, 17.9092, 39.3216, 0
0.719, 17.9485, 39.3216, 0
0.72, 17.9878, 39.3216, 0
0.721, 18.0271, 39.3216, 0
0.722, 18.0665, 39.3216, 0
0.723, 18.1058, 39.3216, 0
0.724, 18.1451, 39.3216, 0
0.725, 18.1844, 39.3216, 0
0.726, 18.2238, 39.3216, 0
0.727, 18.2631, 39.3216, 0
0.728, 18.3024, 39.3216, 0
0.729, 18.3417, 39.3216, 0
0.73, 18.381, 39.3216, 0
0.731, 18.4204, 39.3216, 0
0.732, 18.4597, 39.3216, 0
0.733, 18.499, 39.3216, 0
0.734, 18.5383, 39.3216, 0
0.735, 18.5777, 39.3216, 0
0.736, 18.617, 39.3216, 0
0.737, 18.6563, 39.3216, 0
0.738, 18.6956, 39.3216, 0
0.739, 18.7349, 39.3216, 0
0.74, 18.7743, 39.3216, 0
0.741, 18.8136, 39.3216, 0
0.742, 18.8529, 39.3216, 0
0.743, 18.8922, 39.3216, 0
0.744, 18.9315, 39.3216, 0
0.745, 18.9709, 39.3216, 0
0.746, 19.0102, 39.3216, 0
0.747, 19.0495, 39.3216, 0
0.748, 19.0888, 39.3216, 0
0.749, 19.1282, 39.3216, 0
0.75, 19.1675, 39.3216, 0
0.751, 19.2068, 39.3216, 0
0.752, 19.2461, 39.3216, 0
0.753, 19.2854, 39.3216, 0
0.754, 19.3248, 39.3216, 0
0.755, 19.3641, 39.3216, 0
0.756, 19.4034, 39.3216, 0
0.757, 19.4427, 39.3216, 0
0.758, 19.4821, 39.3216, 0
0.759, 19.5214, 39.3216, 0
0.76, 19.5607, 39.3216, 0
0.761, 19.6, 39.3216, 0
0.762, 19.6393, 39.3216, 0
0.763, 19.6787, 39.3216, 0
0.764, 19.718, 39.3211, -1
0.765, 19.7573, 39.3196, -2
0.766, 19.7966, 39.3171, -3
0.767, 19.8359, 39.3136, -4
0.768, 19.8753, 39.3091, -5
0.769, 19.9146, 39.3036, -6
0.77, 19.9539, 39.2971, -7
0.771, 19.9932, 39.2896, -8
0.772, 20.0324, 39.2811, -9
0.773, 20.0717, 39.2716, -10
0.774, 20.111, 39.2611, -11
0.775, 20.1502, 39.2496, -12
0.776, 20.1895, 39.2371, -13
0.777, 20.2287, 39.2236, -14
0.778, 20.2679, 39.2091, -15
0.779, 20.3071, 39.1936, -16
0.78, 20.3463, 39.1771, -17
0.781, 20.3855, 39.1596, -18
0.782, 20.4246, 39.1411, -19
0.783, 20.4638, 39.1216, -20
0.784, 20.5029, 39.1011, -21
0.785, 20.542, 39.0796, -22
0.786, 20.581, 39.0571, -23
0.787, 20.6201, 39.0336, -24
0.788, 20.6591, 39.0091, -25
0.789, 20.6981, 38.9836, -26
0.79, 20.7371, 38.9571, -27
0.791, 20.776, 38.9296, -28
0.792, 20.8149, 38.9011, -29
0.793, 20.8538, 38.8716, -30
0.794, 20.8927, 38.8411, -31
0.795, 20.9315, 38.8096, -32
0.796, 20.9703, 38.7771, -33
0.797, 21.0091, 38.7436, -34
0.798, 21.0478, 38.7091, -35
0.799, 21.0865, 38.6736, -36
0.8, 21.1251, 38.6371, -37
0.801, 21.1638, 38.5996, -38
0.802, 21.2023, 38.5611, -39
0.803, 21.2409, 38.5216, -40
0.804, 21.2794, 38.4811, -41
0.805, 21.3178, 38.4396, -42
0.806, 21.3563, 38.3971, -43
0.807, 21.3946, 38.3536, -44
0.808, 21.433, 38.3091, -45
0.809, 21.4712, 38.2636, -46
0.81, 21.5095, 38.2171, -47
0.811, 21.5477, 38.1696, -48
0.812, 21.5858, 38.1211, -49
0.813, 21.6239, 38.0716, -50
0.814, 21.662, 38.0211, -51
0.815, 21.7, 37.9696, -52
0.816, 21.7379, 37.9171, -53
0.817, 21.7758, 37.8636, -54
0.818, 21.8136, 37.8091, -55
0.819, 21.8514, 37.7536, -56
0.82, 21.8891, 37.6971, -57
0.821, 21.9268, 37.6396, -58
0.822, 21.9644, 37.5811, -59
0.823, 22.002, 37.5216, -60
0.824, 22.0395, 37.4611, -61
0.825, 22.0769, 37.3996, -62
0.826, 22.1143, 37.3371, -63
0.827, 22.1516, 37.2736, -64
0.828, 22.1888, 37.2091, -65
0.829, 22.226, 37.1436, -66
0.83, 22.2631, 37.0771, -67
0.831, 22.3001, 37.0096, -68
0.832, 22.3371, 36.9411, -69
0.833, 22.374, 36.8716, -70
0.834, 22.4109, 36.8011, -71
0.835, 22.4476, 36.7296, -72
0.836, 22.4843, 36.6571, -73
0.837, 22.5209, 36.5836, -74
0.838, 22.5575, 36.5091, -75
0.839, 22.594, 36.4336, -76
0.84, 22.6304, 36.3571, -77
0.841, 22.6667, 36.2796, -78
0.842, 22.7029, 36.2011, -79
0.843, 22.7391, 36.1216, -80
0.844, 22.7752, 36.0411, -81
0.845, 22.8112, 35.9596, -82
0.846, 22.8471, 35.8771, -83
0.847, 22.8829, 35.7936, -84
0.848, 22.9187, 35.7091, -85
0.849, 22.9543, 35.6236, -86
0.85, 22.9899, 35.5371, -87
0.851, 23.0254, 35.4496, -88
0.852, 23.0608, 35.3611, -89
0.853, 23.0961, 35.2716, -90
0.854, 23.1314, 35.1816, -90
0.855, 23.1665, 35.0916, -90
0.856, 23.2015, 35.0016, -90
0.857, 23.2365, 34.9116, -90
0.858, 23.2714, 34.8216, -90
0.859, 23.3061, 34.7316, -90
0.86, 23.3408, 34.6416, -90
0.861, 23.3754, 34.5516, -90
0.862, 23.4099, 34.4616, -90
0.863, 23.4443, 34.3716, -90
0.864, 23.4787, 34.2816, -90
0.865, 23.5129, 34.1916, -90
0.866, 23.5471, 34.1016, -90
0.867, 23.5811, 34.0116, -90
0.868, 23.6151, 33.9216, -90
0.869, 23.649, 33.8316, -90
0.87, 23.6827, 33.7416, -90
0.871, 23.7164, 33.6516, -90
0.872, 23.75, 33.5616, -90
0.873, 23.7836, 33.4716, -90
0.874, 23.817, 33.3816, -90
0.875, 23.8503, 33.2916, -90
0.876, 23.8836, 33.2016, -90
0.877, 23.9167, 33.1116, -90
0.878, 23.9498, 33.0216, -90
0.879, 23.9828, 32.9316, -90
0.88, 24.0157, 32.8416, -90
0.881, 24.0485, 32.7516, -90
0.882, 24.0812, 32.6616, -90
0.883, 24.1138, 32.5716, -90
0.884, 24.1463, 32.4816, -90
0.885, 24.1787, 32.3916, -90
0.886, 24.2111, 32.3016, -90
0.887, 24.2433, 32.2116, -90
0.888, 24.2755, 32.1216, -90
0.889, 24.3076, 32.0316, -90
0.89, 24.3396, 31.9416, -90
0.891, 24.3715, 31.8516, -90
0.892, 24.4033, 31.7616, -90
0.893, 24.435, 31.6716, -90
0.894, 24.4666, 31.5816, -90
0.895, 24.4982, 31.4916, -90
0.896, 24.5296, 31.4016, -90
0.897, 24.561, 31.3116, -90
0.898, 24.5922, 31.2216, -90
0.899, 24.6234, 31.1316, -90
0.9, 24.6545, 31.0416, -90
0.901, 24.6855, 30.9516, -90
0.902, 24.7164, 30.8616, -90
0.903, 24.7472, 30.7716, -90
0.904, 24.7779, 30.6816, -90
0.905, 24.8086, 30.5916, -90
0.906, 24.8391, 30.5016, -90
0.907, 24.8696, 30.4116, -90
0.908, 24.8999, 30.3216, -90
0.909, 24.9302, 30.2316, -90
0.91, 24.9604, 30.1416, -90
0.911, 24.9905, 30.0516, -90
0.912, 25.0205, 29.9616, -90
0.913, 25.0504, 29.8716, -90
0.914, 25.0803, 29.7816, -90
0.915, 25.11, 29.6916, -90
0.916, 25.1396, 29.6016, -90
0.917, 25.1692, 29.5116, -90
0.918, 25.1987, 29.4216, -90
0.919, 25.228, 29.3316, -90
0.92, 25.2573, 29.2416, -90
0.921, 25.2865, 29.1516, -90
0.922, 25.3156, 29.0616, -90
0.923, 25.3446, 28.9716, -90
0.924, 25.3736, 28.8816, -90
0.925, 25.4024, 28.7916, -90
0.926, 25.4312, 28.7016, -90
0.927, 25.4598, 28.6116, -90
0.928, 25.4884, 28.5216, -90
0.929, 25.5168, 28.4316, -90
0.93, 25.5452, 28.3416, -90
0.931, 25.5735, 28.2516, -90
0.932, 25.6017, 28.1616, -90
0.933, 25.6299, 28.0716, -90
0.934, 25.6579, 27.9816, -90
0.935, 25.6858, 27.8916, -90
0.936, 25.7137, 27.8016, -90
0.937, 25.7414, 27.7116, -90
0.938, 25.7691, 27.6216, -90
0.939, 25.7967, 27.5316, -90
0.94, 25.8242, 27.4416, -90
0.941, 25.8515, 27.3516, -90
0.942, 25.8789, 27.2616, -90
0.943, 25.9061, 27.1716, -90
0.944, 25.9332, 27.0816, -90
0.945, 25.9602, 26.9916, -90
0.946, 25.9872, 26.9016, -90
0.947, 26.014, 26.8116, -90
0.948, 26.0408, 26.7216, -90
0.949, 26.0675, 26.6316, -90
0.95, 26.0941, 26.5416, -90
0.951, 26.1206, 26.4516, -90
0.952, 26.147, 26.3616, -90
0.953, 26.1733, 26.2716, -90
0.954, 26.1995, 26.1816, -90
0.955, 26.2257, 26.0916, -90
0.956, 26.2517, 26.0016, -90
0.957, 26.2777, 25.9116, -90
0.958, 26.3035, 25.8216, -90
0.959, 26.3293, 25.7316, -90
0.96, 26.355, 25.6416, -90
0.961, 26.3806, 25.5516, -90
0.962, 26.4061, 25.4616, -90
0.963, 26.4315, 25.3716, -90
0.964, 26.4568, 25.2816, -90
0.965, 26.4821, 25.1916, -90
0.966, 26.5072, 25.1016, -90
0.967, 26.5323, 25.0116, -90
0.968, 26.5572, 24.9216, -90
0.969, 26.5821, 24.8316, -90
0.97, 26.6069, 24.7416, -90
0.971, 26.6316, 24.6516, -90
0.972, 26.6562, 24.5616, -90
0.973, 26.6807, 24.4716, -90
0.974, 26.7051, 24.3816, -90
0.975, 26.7295, 24.2916, -90
0.976, 26.7537, 24.2016, -90
0.977, 26.7779, 24.1116, -90
0.978, 26.802, 24.0216, -90
0.979, 26.8259, 23.9316, -90
0.98, 26.8498, 23.8416, -90
0.981, 26.8736, 23.7516, -90
0.982, 26.8973, 23.6616, -90
0.983, 26.9209, 23.5716, -90
0.984, 26.9445, 23.4816, -90
0.985, 26.9679, 23.3916, -90
0.986, 26.9912, 23.3016, -90
0.987, 27.0145, 23.2116, -90
0.988, 27.0377, 23.1216, -90
0.989, 27.0607, 23.0316, -90
0.99, 27.0837, 22.9416, -90
0.991, 27.1066, 22.8516, -90
0.992, 27.1294, 22.7616, -90
0.993, 27.1522, 22.6716, -90
0.994, 27.1748, 22.5816, -90
0.995, 27.1973, 22.4916, -90
0.996, 27.2198, 22.4016, -90
0.997, 27.2421, 22.3116, -90
0.998, 27.2644, 22.2216, -90
0.999, 27.2866, 22.1316, -90
1, 27.3086, 22.0416, -90
1.001, 27.3306, 21.9516, -90
1.002, 27.3526, 21.8616, -90
1.003, 27.3744, 21.7716, -90
1.004, 27.3961, 21.6816, -90
1.005, 27.4177, 21.5916, -90
1.006, 27.4393, 21.5016, -90
1.007, 27.4607, 21.4116, -90
1.008, 27.4821, 21.3216, -90
1.009, 27.5034, 21.2316, -90
1.01, 27.5246, 21.1416, -90
1.011, 27.5457, 21.0516, -90
1.012, 27.5667, 20.9616, -90
1.013, 27.5876, 20.8716, -90
1.014, 27.6084, 20.7816, -90
1.015, 27.6291, 20.6916, -90
1.016, 27.6498, 20.6016, -90
1.017, 27.6703, 20.5116, -90
1.018, 27.6908, 20.4216, -90
1.019, 27.7112, 20.3316, -90
1.02, 27.7315, 20.2416, -90
1.021, 27.7517, 20.1516, -90
1.022, 27.7718, 20.0616, -90
1.023, 27.7918, 19.9716, -90
1.024, 27.8117, 19.8816, -90
1.025, 27.8316, 19.7916, -90
1.026, 27.8513, 19.7016, -90
1.027, 27.871, 19.6116, -90
1.028, 27.8905, 19.5216, -90
1.029, 27.91, 19.4316, -90
1.03, 27.9294, 19.3416, -90
1.031, 27.9487, 19.2516, -90
1.032, 27.9679, 19.1616, -90
1.033, 27.987, 19.0716, -90
1.034, 28.006, 18.9816, -90
1.035, 28.025, 18.8916, -90
1.036, 28.0438, 18.8016, -90
1.037, 28.0626, 18.7116, -90
1.038, 28.0812, 18.6216, -90
1.039, 28.0998, 18.5316, -90
1.04, 28.1183, 18.4416, -90
1.041, 28.1367, 18.3516, -90
1.042, 28.155, 18.2616, -90
1.043, 28.1732, 18.1716, -90
1.044, 28.1914, 18.0816, -90
1.045, 28.2094, 17.9916, -90
1.046, 28.2273, 17.9016, -90
1.047, 28.2452, 17.8116, -90
1.048, 28.263, 17.7216, -90
1.049, 28.2806, 17.6316, -90
1.05, 28.2982, 17.5416, -90
1.051, 28.3157, 17.4516, -90
1.052, 28.3331, 17.3616, -90
1.053, 28.3504, 17.2716, -90
1.054, 28.3677, 17.1816, -90
1.055, 28.3848, 17.0916, -90
1.056, 28.4019, 17.0016, -90
1.057, 28.4188, 16.9116, -90
1.058, 28.4357, 16.8216, -90
1.059, 28.4525, 16.7316, -90
1.06, 28.4691, 16.6416, -90
1.061, 28.4857, 16.5516, -90
1.062, 28.5022, 16.4616, -90
1.063, 28.5187, 16.3716, -90
1.064, 28.535, 16.2816, -90
1.065, 28.5512, 16.1916, -90
1.066, 28.5674, 16.1016, -90
1.067, 28.5834, 16.0116, -90
1.068, 28.5994, 15.9216, -90
1.069, 28.6153, 15.8316, -90
1.07, 28.6311, 15.7416, -90
1.071, 28.6468, 15.6516, -90
1.072, 28.6624, 15.5616, -90
1.073, 28.6779, 15.4716, -90
1.074, 28.6933, 15.3816, -90
1.075, 28.7086, 15.2916, -90
1.076, 28.7239, 15.2016, -90
1.077, 28.739, 15.1116, -90
1.078, 28.7541, 15.0216, -90
1.079, 28.7691, 14.9316, -90
1.08, 28.784, 14.8416, -90
1.081, 28.7988, 14.7516, -90
1.082, 28.8135, 14.6616, -90
1.083, 28.8281, 14.5716, -90
1.084, 28.8426, 14.4816, -90
1.085, 28.8571, 14.3916, -90
1.086, 28.8714, 14.3016, -90
1.087, 28.8857, 14.2116, -90
1.088, 28.8998, 14.1216, -90
1.089, 28.9139, 14.0316, -90
1.09, 28.9279, 13.9416, -90
1.091, 28.9418, 13.8516, -90
1.092, 28.9556, 13.7616, -90
1.093, 28.9693, 13.6716, -90
1.094, 28.9829, 13.5816, -90
1.095, 28.9965, 13.4916, -90
1.096, 29.0099, 13.4016, -90
1.097, 29.0233, 13.3116, -90
1.098, 29.0365, 13.2216, -90
1.099, 29.0497, 13.1316, -90
1.1, 29.0628, 13.0416, -90
1.101, 29.0758, 12.9516, -90
1.102, 29.0887, 12.8616, -90
1.103, 29.1015, 12.7716, -90
1.104, 29.1142, 12.6816, -90
1.105, 29.1269, 12.5916, -90
1.106, 29.1394, 12.5016, -90
1.107, 29.1519, 12.4116, -90
1.108, 29.1643, 12.3216, -90
1.109, 29.1765, 12.2316, -90
1.11, 29.1887, 12.1416, -90
1.111, 29.2008, 12.0516, -90
1.112, 29.2128, 11.9616, -90
1.113, 29.2247, 11.8716, -90
1.114, 29.2366, 11.7816, -90
1.115, 29.2483, 11.6916, -90
1.116, 29.2599, 11.6016, -90
1.117, 29.2715, 11.5116, -90
1.118, 29.283, 11.4216, -90
1.119, 29.2943, 11.3316, -90
1.12, 29.3056, 11.2416, -90
1.121, 29.3168, 11.1516, -90
1.122, 29.3279, 11.0616, -90
1.123, 29.339, 10.9716, -90
1.124, 29.3499, 10.8816, -90
1.125, 29.3607, 10.7916, -90
1.126, 29.3715, 10.7016, -90
1.127, 29.3821, 10.6116, -90
1.128, 29.3927, 10.5216, -90
1.129, 29.4032, 10.4316, -90
1.13, 29.4135, 10.3416, -90
1.131, 29.4238, 10.2516, -90
1.132, 29.4341, 10.1616, -90
1.133, 29.4442, 10.0716, -90
1.134, 29.4542, 9.98155, -90
1.135, 29.4641, 9.89155, -90
1.136, 29.474, 9.80155, -90
1.137, 29.4837, 9.71155, -90
1.138, 29.4934, 9.62155, -90
1.139, 29.503, 9.53155, -90
1.14, 29.5125, 9.44155, -90
1.141, 29.5219, 9.35155, -90
1.142, 29.5312, 9.26155, -90
1.143, 29.5404, 9.17155, -90
1.144, 29.5495, 9.08155, -90
1.145, 29.5585, 8.99155, -90
1.146, 29.5675, 8.90155, -90
1.147, 29.5763, 8.81155, -90
1.148, 29.5851, 8.72155, -90
1.149, 29.5938, 8.63155, -90
1.15, 29.6024, 8.54155, -90
1.151, 29.6109, 8.45155, -90
1.152, 29.6193, 8.36155, -90
1.153, 29.6276, 8.27155, -90
1.154, 29.6358, 8.18155, -90
1.155, 29.644, 8.09155, -90
1.156, 29.652, 8.00155, -90
1.157, 29.66, 7.91155, -90
1.158, 29.6678, 7.82155, -90
1.159, 29.6756, 7.73155, -90
1.16, 29.6833, 7.64155, -90
1.161, 29.6909, 7.55155, -90
1.162, 29.6984, 7.46155, -90
1.163, 29.7058, 7.37155, -90
1.164, 29.7131, 7.28155, -90
1.165, 29.7204, 7.19155, -90
1.166, 29.7275, 7.10155, -90
1.167, 29.7346, 7.01155, -90
1.168, 29.7415, 6.92155, -90
1.169, 29.7484, 6.83155, -90
1.17, 29.7552, 6.74155, -90
1.171, 29.7619, 6.65155, -90
1.172, 29.7685, 6.56155, -90
1.173, 29.775, 6.47155, -90
1.174, 29.7815, 6.38155, -90
1.175, 29.7878, 6.29155, -90
1.176, 29.794, 6.20155, -90
1.177, 29.8002, 6.11155, -90
1.178, 29.8063, 6.02155, -90
1.179, 29.8122, 5.93155, -90
1.18, 29.8181, 5.84155, -90
1.181, 29.8239, 5.75154, -90
1.182, 29.8296, 5.66154, -90
1.183, 29.8352, 5.57154, -90
1.184, 29.8408, 5.48154, -90
1.185, 29.8462, 5.39154, -90
1.186, 29.8516, 5.30154, -90
1.187, 29.8568, 5.21154, -90
1.188, 29.862, 5.12154, -90
1.189, 29.8671, 5.03154, -90
1.19, 29.872, 4.94154, -90
1.191, 29.8769, 4.85154, -90
1.192, 29.8817, 4.76154, -90
1.193, 29.8865, 4.67154, -90
1.194, 29.8911, 4.58154, -90
1.195, 29.8956, 4.49154, -90
1.196, 29.9001, 4.40154, -90
1.197, 29.9044, 4.31154, -90
1.198, 29.9087, 4.22154, -90
1.199, 29.9129, 4.13154, -90
1.2, 29.917, 4.04204, -89
1.201, 29.921, 3.95354, -88
1.202, 29.9249, 3.86604, -87
1.203, 29.9287, 3.77954, -86
1.204, 29.9324, 3.69404, -85
1.205, 29.9361, 3.60954, -84
1.206, 29.9396, 3.52604, -83
1.207, 29.9431, 3.44354, -82
1.208, 29.9465, 3.36204, -81
1.209, 29.9499, 3.28154, -80
1.21, 29.9531, 3.20204, -79
1.211, 29.9563, 3.12354, -78
1.212, 29.9593, 3.04604, -77
1.213, 29.9623, 2.96954, -76
1.214, 29.9653, 2.89404, -75
1.215, 29.9681, 2.81954, -74
1.216, 29.9709, 2.74604, -73
1.217, 29.9736, 2.67354, -72
1.218, 29.9763, 2.60204, -71
1.219, 29.9788, 2.53154, -70
1.22, 29.9813, 2.46204, -69
1.221, 29.9838, 2.39354, -68
1.222, 29.9861, 2.32604, -67
1.223, 29.9884, 2.25954, -66
1.224, 29.9906, 2.19404, -65
1.225, 29.9928, 2.12954, -64
1.226, 29.9949, 2.06604, -63
1.227, 29.9969, 2.00354, -62
1.228, 29.9989, 1.94204, -61
1.229, 30.0008, 1.88154, -60
1.23, 30.0027, 1.82204, -59
1.231, 30.0045, 1.76354, -58
1.232, 30.0062, 1.70604, -57
1.233, 30.0079, 1.64954, -56
1.234, 30.0095, 1.59404, -55
1.235, 30.0111, 1.53954, -54
1.236, 30.0126, 1.48604, -53
1.237, 30.014, 1.43354, -52
1.238, 30.0154, 1.38204, -51
1.239, 30.0168, 1.33154, -50
1.24, 30.0181, 1.28204, -49
1.241, 30.0194, 1.23354, -48
1.242, 30.0206, 1.18604, -47
1.243, 30.0217, 1.13954, -46
1.244, 30.0228, 1.09404, -45
1.245, 30.0239, 1.04954, -44
1.246, 30.0249, 1.00604, -43
1.247, 30.0259, 0.963542, -42
1.248, 30.0269, 0.922042, -41
1.249, 30.0278, 0.881542, -40
1.25, 30.0286, 0.842042, -39
1.251, 30.0295, 0.803542, -38
1.252, 30.0302, 0.766042, -37
1.253, 30.031, 0.729542, -36
1.254, 30.0317, 0.694042, -35
1.255, 30.0324, 0.659542, -34
1.256, 30.033, 0.626042, -33
1.257, 30.0336, 0.593542, -32
1.258, 30.0342, 0.562042, -31
1.259, 30.0348, 0.531542, -30
1.26, 30.0353, 0.502042, -29
1.261, 30.0358, 0.473542, -28
1.262, 30.0362, 0.446042, -27
1.263, 30.0367, 0.419542, -26
1.264, 30.0371, 0.394042, -25
1.265, 30.0374, 0.369542, -24
1.266, 30.0378, 0.346042, -23
1.267, 30.0381, 0.323542, -22
1.268, 30.0384, 0.302042, -21
1.269, 30.0387, 0.281542, -20
1.27, 30.039, 0.262042, -19
1.271, 30.0393, 0.243542, -18
1.272, 30.0395, 0.226042, -17
1.273, 30.0397, 0.209542, -16
1.274, 30.0399, 0.194042, -15
1.275, 30.0401, 0.179542, -14
1.276, 30.0403, 0.166042, -13
1.277, 30.0404, 0.153542, -12
1.278, 30.0406, 0.142042, -11
1.279, 30.0407, 0.131542, -10
1.28, 30.0408, 0.122042, -9
1.281, 30.041, 0.113542, -8
1.282, 30.0411, 0.106042, -7
1.283, 30.0412, 0.0995421, -6
1.284, 30.0413, 0.0940421, -5
1.285, 30.0414, 0.0895421, -4
1.286, 30.0415, 0.0860421, -3
1.287, 30.0415, 0.0835421, -2
1.288, 30.0416, 0.0820421, -1
1.289, 30.0417, 0.0815421, 1.07102e-007
